{"stats":{"minecraft:picked_up":{"minecraft:crafting_table":1,"byg:lush_dirt":22,"minecraft:sweet_berries":47,"minecraft:leather":7,"minecraft:spruce_log":12,"minecraft:beef":15,"minecraft:coal":15,"byg:rocky_stone":10,"minecraft:cobblestone":10},"minecraft:mined":{"byg:lush_dirt":13,"minecraft:sweet_berry_bush":20,"minecraft:spruce_log":13,"minecraft:crafting_table":1,"minecraft:grass":3,"minecraft:coal_ore":15,"byg:rocky_stone":10,"minecraft:spruce_leaves":1,"minecraft:stone":10,"byg:lush_grass_block":9},"minecraft:killed":{"minecraft:cow":7},"minecraft:crafted":{"minecraft:iron_axe":1,"minecraft:crafting_table":1,"minecraft:spruce_planks":72,"minecraft:stick":4,"minecraft:wooden_axe":1,"minecraft:furnace":1,"minecraft:torch":4},"minecraft:used":{"minecraft:wooden_axe":7,"minecraft:iron_shovel":22,"minecraft:iron_axe":7,"minecraft:bread":6,"minecraft:iron_pickaxe":36,"minecraft:torch":1,"minecraft:crafting_table":2,"minecraft:furnace":1,"byg:lush_dirt":9},"minecraft:custom":{"minecraft:time_since_rest":14979,"minecraft:sprint_one_cm":110454,"minecraft:damage_taken":60,"minecraft:walk_one_cm":75322,"minecraft:mob_kills":7,"minecraft:damage_dealt":700,"minecraft:interact_with_crafting_table":7,"minecraft:swim_one_cm":4607,"minecraft:talked_to_villager":1,"minecraft:fly_one_cm":74781,"minecraft:open_chest":6,"minecraft:crouch_one_cm":663,"minecraft:play_time":23693,"minecraft:sneak_time":804,"minecraft:bell_ring":6,"minecraft:walk_under_water_one_cm":447,"minecraft:jump":349,"minecraft:leave_game":2,"minecraft:walk_on_water_one_cm":1174,"minecraft:time_since_death":23693,"minecraft:sleep_in_bed":1,"minecraft:total_world_time":23693,"minecraft:climb_one_cm":1142,"minecraft:fall_one_cm":6425}},"DataVersion":3120}