{"stats":{"minecraft:picked_up":{"minecraft:crafting_table":2,"byg:lush_dirt":40,"minecraft:sweet_berries":47,"minecraft:leather":7,"minecraft:torch":1,"minecraft:gunpowder":2,"minecraft:spruce_log":12,"minecraft:spider_eye":1,"minecraft:string":3,"minecraft:beef":15,"minecraft:mutton":7,"minecraft:white_wool":4,"byg:rocky_stone":10,"minecraft:coal":16,"minecraft:furnace":1,"minecraft:cobblestone":11},"minecraft:mined":{"byg:lush_dirt":24,"minecraft:furnace":1,"minecraft:sweet_berry_bush":20,"minecraft:spruce_log":13,"minecraft:crafting_table":2,"minecraft:torch":1,"minecraft:grass":3,"minecraft:coal_ore":15,"byg:rocky_stone":10,"minecraft:spruce_leaves":1,"minecraft:stone":11,"byg:lush_grass_block":16},"minecraft:killed_by":{"siren_head:siren_head":1},"minecraft:killed":{"minecraft:sheep":4,"minecraft:spider":2,"minecraft:drowned":1,"minecraft:creeper":2,"minecraft:cow":7},"minecraft:used":{"minecraft:wooden_axe":7,"minecraft:iron_shovel":32,"minecraft:iron_axe":23,"minecraft:bread":6,"minecraft:iron_pickaxe":38,"minecraft:torch":1,"minecraft:crafting_table":2,"minecraft:furnace":1,"byg:lush_dirt":12},"minecraft:crafted":{"minecraft:cooked_beef":15,"minecraft:iron_axe":1,"minecraft:crafting_table":1,"minecraft:spruce_planks":72,"minecraft:stick":4,"minecraft:baked_potato":4,"minecraft:wooden_axe":1,"minecraft:furnace":1,"minecraft:torch":8,"minecraft:air":0},"minecraft:custom":{"minecraft:time_since_rest":101,"minecraft:interact_with_furnace":10,"minecraft:sprint_one_cm":139537,"minecraft:damage_taken":1020,"minecraft:walk_one_cm":96183,"minecraft:mob_kills":16,"minecraft:damage_dealt":1940,"minecraft:talked_to_villager":1,"minecraft:swim_one_cm":4607,"minecraft:interact_with_crafting_table":11,"minecraft:fly_one_cm":93211,"minecraft:open_chest":6,"minecraft:crouch_one_cm":663,"minecraft:play_time":34564,"minecraft:deaths":1,"minecraft:bell_ring":6,"minecraft:sneak_time":804,"minecraft:walk_under_water_one_cm":447,"minecraft:jump":441,"minecraft:leave_game":3,"minecraft:walk_on_water_one_cm":6358,"minecraft:time_since_death":0,"minecraft:sleep_in_bed":1,"minecraft:climb_one_cm":1265,"minecraft:total_world_time":34564,"minecraft:fall_one_cm":8097}},"DataVersion":3120}