{
  "byg:root": {
    "criteria": {
      "tick": "2024-05-31 18:00:06 +0000"
    },
    "done": true
  },
  "global:root": {
    "criteria": {
      "trigger": "2024-05-31 18:00:06 +0000"
    },
    "done": true
  },
  "global:genmode": {
    "criteria": {
      "trigger": "2024-05-31 18:00:06 +0000"
    },
    "done": true
  },
  "dev:pack": {
    "criteria": {
      "trigger": "2024-05-31 18:00:06 +0000"
    },
    "done": true
  },
  "gen_hat:pack": {
    "criteria": {
      "trigger": "2024-05-31 18:00:06 +0000"
    },
    "done": true
  },
  "minecraft:adventure/adventuring_time": {
    "criteria": {
      "minecraft:snowy_plains": "2024-05-31 18:00:07 +0000"
    },
    "done": false
  },
  "DataVersion": 3120
}