{
  "byg:root": {
    "criteria": {
      "tick": "2024-05-31 18:38:57 +0000"
    },
    "done": true
  },
  "global:root": {
    "criteria": {
      "trigger": "2024-05-31 18:38:57 +0000"
    },
    "done": true
  },
  "global:genmode": {
    "criteria": {
      "trigger": "2024-05-31 18:38:57 +0000"
    },
    "done": true
  },
  "apollyon:apollyon": {
    "criteria": {
      "apollyon": "2024-05-31 18:38:59 +0000"
    },
    "done": true
  },
  "dev:pack": {
    "criteria": {
      "trigger": "2024-05-31 18:38:57 +0000"
    },
    "done": true
  },
  "gen_hat:pack": {
    "criteria": {
      "trigger": "2024-05-31 18:38:57 +0000"
    },
    "done": true
  },
  "minecraft:adventure/adventuring_time": {
    "criteria": {
      "minecraft:swamp": "2024-05-31 18:38:58 +0000",
      "minecraft:forest": "2024-05-31 18:39:30 +0000"
    },
    "done": false
  },
  "DataVersion": 3120
}