{
  "byg:root": {
    "criteria": {
      "tick": "2024-05-31 21:25:23 +0000"
    },
    "done": true
  },
  "global:root": {
    "criteria": {
      "trigger": "2024-05-31 21:25:23 +0000"
    },
    "done": true
  },
  "global:genmode": {
    "criteria": {
      "trigger": "2024-05-31 21:25:23 +0000"
    },
    "done": true
  },
  "apollyon:apollyon": {
    "criteria": {
      "apollyon": "2024-05-31 21:26:20 +0000"
    },
    "done": true
  },
  "dev:pack": {
    "criteria": {
      "trigger": "2024-05-31 21:25:23 +0000"
    },
    "done": true
  },
  "man:feelingwatched": {
    "criteria": {
      "feelingwatched": "2024-05-31 21:26:30 +0000"
    },
    "done": true
  },
  "creepingwoods:hes_watching": {
    "criteria": {
      "hes_watching": "2024-05-31 21:26:10 +0000"
    },
    "done": true
  },
  "gen_hat:pack": {
    "criteria": {
      "trigger": "2024-05-31 21:25:23 +0000"
    },
    "done": true
  },
  "minecraft:adventure/adventuring_time": {
    "criteria": {
      "minecraft:swamp": "2024-05-31 21:25:24 +0000"
    },
    "done": false
  },
  "DataVersion": 3120
}